{"cameraMode":{"drawMode":0,"name":"Shaded","section":"Shading Mode"},"sceneLighting":false,"audioPlay":false,"sceneViewState":{"showFog":true,"showMaterialUpdate":false,"showSkybox":false,"showFlares":true,"showImageEffects":true,"showParticleSystems":true},"in2DMode":false,"pivot":{"x":0.9930366277694702,"y":-0.21631914377212525,"z":0.3886772692203522},"rotation":{"x":-0.171350359916687,"y":-0.6364129781723023,"z":0.1478847712278366,"w":-0.7374531626701355},"size":1.865267276763916,"orthographic":false}