{"cameraMode":{"drawMode":0,"name":"Shaded","section":"Shading Mode"},"sceneLighting":false,"audioPlay":false,"sceneViewState":{"showFog":true,"showMaterialUpdate":false,"showSkybox":false,"showFlares":true,"showImageEffects":true,"showParticleSystems":true},"in2DMode":false,"pivot":{"x":-0.6719082593917847,"y":0.11833763122558594,"z":-2.702526330947876},"rotation":{"x":-0.16117557883262635,"y":-0.07196817547082901,"z":0.01178695634007454,"w":-0.9842736124992371},"size":1.2200994491577149,"orthographic":false}