{"cameraMode":{"drawMode":0,"name":"Shaded","section":"Shading Mode"},"sceneLighting":false,"audioPlay":false,"sceneViewState":{"showFog":true,"showMaterialUpdate":false,"showSkybox":false,"showFlares":true,"showImageEffects":true,"showParticleSystems":true},"in2DMode":false,"pivot":{"x":-0.41394510865211489,"y":-0.051888421177864078,"z":-0.09287989139556885},"rotation":{"x":-0.1001034528017044,"y":0.5317787528038025,"z":-0.0634763091802597,"w":-0.8385739326477051},"size":0.7126554846763611,"orthographic":false}