{"cameraMode":{"drawMode":0,"name":"Shaded","section":"Shading Mode"},"sceneLighting":false,"audioPlay":false,"sceneViewState":{"showFog":true,"showMaterialUpdate":false,"showSkybox":false,"showFlares":true,"showImageEffects":true,"showParticleSystems":true},"in2DMode":false,"pivot":{"x":1.9665460586547852,"y":2.462601661682129,"z":3.3878116607666017},"rotation":{"x":0.20240645110607148,"y":0.2396690398454666,"z":-0.05116172507405281,"w":0.9481865167617798},"size":13.361851692199707,"orthographic":false}