{"cameraMode":{"drawMode":0,"name":"Shaded","section":"Shading Mode"},"sceneLighting":false,"audioPlay":false,"sceneViewState":{"showFog":true,"showMaterialUpdate":false,"showSkybox":false,"showFlares":true,"showImageEffects":true,"showParticleSystems":true},"in2DMode":false,"pivot":{"x":0.09881015121936798,"y":0.0035109296441078188,"z":0.24094492197036744},"rotation":{"x":0.036060113459825519,"y":0.17005328834056855,"z":-0.00622731726616621,"w":0.9847610592842102},"size":0.6037853956222534,"orthographic":false}